{
    "353K/512": {
        "stdev": 0.022665710488725465,
        "mean": -5.087143073522849
    },
    "383K/256": {
        "stdev": 0.03490155636395644,
        "mean": -4.220459078955654
    },
    "423K/2048": {
        "stdev": 0.15852014800722056,
        "mean": -3.0856767708657804
    },
    "443K/64": {
        "stdev": 0.06536017290994219,
        "mean": -3.0509611868860755
    },
    "413K/8192": {
        "stdev": 1.7509584156673013,
        "mean": -3.2728786120844884
    },
    "393K/4096": {
        "stdev": 0.46700627435004965,
        "mean": -3.915566276437544
    },
    "443K/16384": {
        "stdev": 3.453186365725903,
        "mean": -3.8555994511916456
    },
    "463K/64": {
        "stdev": 0.04360595964185074,
        "mean": -2.344153122163334
    },
    "423K/8192": {
        "stdev": 1.990627552203069,
        "mean": -2.624031771338771
    },
    "363K/8192": {
        "stdev": 0.8895502856336949,
        "mean": -4.708730126171197
    },
    "433K/512": {
        "stdev": 0.02843910629477218,
        "mean": -2.771665545049806
    },
    "473K/128": {
        "stdev": 0.03488981991530364,
        "mean": -1.7467224017734266
    },
    "453K/512": {
        "stdev": 0.03494985448618213,
        "mean": -2.2312279239239907
    },
    "373K/24": {
        "stdev": 0.13802911376405588,
        "mean": -7.331189241520233
    },
    "473K/512": {
        "stdev": 0.034500254143414684,
        "mean": -1.7194669363087338
    },
    "493K/64": {
        "stdev": 0.049992487699886595,
        "mean": -1.3822924578109896
    },
    "393K/128": {
        "stdev": 0.06600297285000166,
        "mean": -4.225816989068269
    },
    "473K/48": {
        "stdev": 0.04878603730624642,
        "mean": -2.2119945688761073
    },
    "343K/128": {
        "stdev": 0.15309684631727769,
        "mean": -6.930561044288546
    },
    "403K/24": {
        "stdev": 0.11685010799105647,
        "mean": -5.677005269776205
    },
    "473K/8192": {
        "stdev": 2.7110605718494076,
        "mean": -1.4587332737212797
    },
    "383K/2048": {
        "stdev": 0.1677637757601601,
        "mean": -4.108400464593961
    },
    "483K/8192": {
        "stdev": 2.90046258582875,
        "mean": -0.8884755085035876
    },
    "473K/4096": {
        "stdev": 0.8526715632039691,
        "mean": -1.5330445013191094
    },
    "353K/65536": {
        "stdev": 0.0,
        "mean": -14.638955401162136
    },
    "443K/24": {
        "stdev": 0.11115745470237748,
        "mean": -3.7218510717454194
    },
    "413K/65536": {
        "stdev": 0.0,
        "mean": -18.88113192737545
    },
    "423K/16384": {
        "stdev": 2.618315484185624,
        "mean": -4.487998720310901
    },
    "463K/24": {
        "stdev": 0.07656206852559563,
        "mean": -2.860861630589062
    },
    "363K/65536": {
        "stdev": 0.0,
        "mean": -15.92185186592291
    },
    "373K/64": {
        "stdev": 0.1323433010644482,
        "mean": -6.747036809409122
    },
    "403K/2048": {
        "stdev": 0.12338518218488757,
        "mean": -3.6124238164417255
    },
    "433K/1024": {
        "stdev": 0.08320571185915106,
        "mean": -2.7744479933817647
    },
    "453K/64": {
        "stdev": 0.056872549530378555,
        "mean": -2.6891726020754083
    },
    "483K/4096": {
        "stdev": 0.8164417146229394,
        "mean": -1.518764351796861
    },
    "403K/4096": {
        "stdev": 0.44271481535847795,
        "mean": -3.5695517586266323
    },
    "493K/8192": {
        "stdev": 3.038921878125652,
        "mean": -0.8375163096618966
    },
    "403K/48": {
        "stdev": 0.08308525888326126,
        "mean": -5.348342326210177
    },
    "443K/128": {
        "stdev": 0.04827687334870814,
        "mean": -2.5795072467167057
    },
    "363K/128": {
        "stdev": 0.09814909166962503,
        "mean": -5.607148260493783
    },
    "383K/1024": {
        "stdev": 0.05665289024777384,
        "mean": -4.164643817387507
    },
    "373K/1024": {
        "stdev": 0.04606573938846546,
        "mean": -4.481200792740391
    },
    "373K/512": {
        "stdev": 0.025600758818769827,
        "mean": -4.470926468792202
    },
    "453K/4096": {
        "stdev": 0.7868256583267025,
        "mean": -2.2104503400692552
    },
    "483K/256": {
        "stdev": 0.02369446135787503,
        "mean": -1.4570449923472246
    },
    "343K/24": {
        "stdev": 0.6668612588810342,
        "mean": -9.075465406448451
    },
    "443K/32768": {
        "stdev": 1.2034635762417587,
        "mean": -8.367964042030243
    },
    "463K/256": {
        "stdev": 0.02434699537152046,
        "mean": -1.9737377067995523
    },
    "453K/8192": {
        "stdev": 3.2567684080446133,
        "mean": -0.8545151846010031
    },
    "423K/4096": {
        "stdev": 0.7875117969357236,
        "mean": -2.8578073359852647
    },
    "453K/24": {
        "stdev": 0.09371501538771891,
        "mean": -3.2557758732043993
    },
    "413K/1024": {
        "stdev": 0.07239384513064327,
        "mean": -3.3125631931811217
    },
    "353K/24": {
        "stdev": 0.17945823401185107,
        "mean": -8.544640206356611
    },
    "343K/16384": {
        "stdev": 2.4706925990663557,
        "mean": -4.2299336285491105
    },
    "433K/64": {
        "stdev": 0.07047740240476624,
        "mean": -3.4834569277680547
    },
    "363K/256": {
        "stdev": 0.0544449954181044,
        "mean": -4.849705634960001
    },
    "483K/16384": {
        "stdev": 4.326371254173184,
        "mean": -3.9297176254593307
    },
    "343K/65536": {
        "stdev": 0.0,
        "mean": -18.177506901285284
    },
    "343K/64": {
        "stdev": 0.20365110373751075,
        "mean": -8.879649124744708
    },
    "343K/256": {
        "stdev": 0.07360919227119979,
        "mean": -5.561430780504574
    },
    "383K/32768": {
        "stdev": 2.2575776452587735,
        "mean": -9.627919915238135
    },
    "433K/128": {
        "stdev": 0.04104372225873303,
        "mean": -2.874857755944369
    },
    "443K/8192": {
        "stdev": 3.0614747142568897,
        "mean": -1.4576518967293324
    },
    "463K/4096": {
        "stdev": 0.7517793563198374,
        "mean": -1.7794110335334339
    },
    "413K/24": {
        "stdev": 0.11353969213619579,
        "mean": -5.162353074867292
    },
    "403K/32768": {
        "stdev": 0.0,
        "mean": -6.06411250760025
    },
    "343K/8192": {
        "stdev": 0.8064877642513395,
        "mean": -5.316392252590592
    },
    "493K/16384": {
        "stdev": 3.2158083151679815,
        "mean": -3.88723116268271
    },
    "353K/16384": {
        "stdev": 2.634865271632109,
        "mean": -4.319174152600474
    },
    "473K/32768": {
        "stdev": 4.117323801638649,
        "mean": -11.283375468264078
    },
    "403K/128": {
        "stdev": 0.06927963308381523,
        "mean": -3.8647693497117714
    },
    "493K/1024": {
        "stdev": 0.11147976831206555,
        "mean": -1.202919590188215
    },
    "413K/2048": {
        "stdev": 0.23562129721156028,
        "mean": -3.356071412125697
    },
    "413K/64": {
        "stdev": 0.06762776220686571,
        "mean": -4.391920802696751
    },
    "433K/48": {
        "stdev": 0.08235146089732569,
        "mean": -3.8293626173907724
    },
    "453K/48": {
        "stdev": 0.06070148233681902,
        "mean": -2.967388975908631
    },
    "363K/48": {
        "stdev": 0.14208877061383007,
        "mean": -7.744849216944606
    },
    "413K/16384": {
        "stdev": 3.0091719767660323,
        "mean": -4.448798879175449
    },
    "413K/128": {
        "stdev": 0.05390066673460513,
        "mean": -3.509291237020472
    },
    "423K/1024": {
        "stdev": 0.08272282906466634,
        "mean": -3.041657432871599
    },
    "373K/16384": {
        "stdev": 1.8283589339551805,
        "mean": -4.465894941469935
    },
    "353K/4096": {
        "stdev": 0.3151663204062886,
        "mean": -5.054703127551122
    },