{
    "393K/1024": {
        "mean": -8.998709003778574,
        "stdev": 9.00912146071078
    }
}