{
    "393K/8192": {
        "mean": -9.396541824149054,
        "stdev": 3.2155765142854076
    },
    "443K/128": {
        "mean": -8.723778865923816,
        "stdev": 0.08817489166249738
    },
    "413K/2048": {
        "mean": -9.040810289411294,
        "stdev": 0.4339738935874962
    },
    "383K/24": {
        "mean": -28.19052688026837,
        "stdev": 0.8602209325159198
    },
    "403K/48": {
        "mean": -24.450701322945257,
        "stdev": 0.2458947348806789
    },
    "433K/512": {
        "mean": -8.771515382103207,
        "stdev": 0.06362539269609042
    },
    "343K/1024": {
        "mean": -9.822305002671738,
        "stdev": 0.13221586358486623
    },
    "383K/8192": {
        "mean": -10.97636656486092,
        "stdev": 2.10820216634342
    },
    "403K/8192": {
        "mean": -7.050066479291081,
        "stdev": 3.055853838686059
    },
    "493K/256": {
        "mean": -8.234365807961508,
        "stdev": 0.02736703765197956
    },
    "473K/24": {
        "mean": -16.131996285078053,
        "stdev": 0.29913458953521865
    },
    "343K/8192": {
        "mean": -10.158057744078723,
        "stdev": 2.109552387419466
    },
    "363K/1024": {
        "mean": -9.60108987747725,
        "stdev": 0.15120595291294162
    },
    "423K/24": {
        "mean": -22.544716643771544,
        "stdev": 0.37283834376541325
    },
    "453K/128": {
        "mean": -8.589782204320763,
        "stdev": 0.051505195593355466
    },
    "373K/512": {
        "mean": -9.425854581589583,
        "stdev": 0.03584724881052235
    },
    "383K/512": {
        "mean": -9.328032806631807,
        "stdev": 0.057399551055151675
    },
    "473K/512": {
        "mean": -8.41744083450391,
        "stdev": 0.045368666300298795
    },
    "493K/1024": {
        "mean": -8.248932998124044,
        "stdev": 0.2071476912469566
    },
    "343K/128": {
        "mean": -31.782247229681047,
        "stdev": 0.566550185696643
    },
    "413K/256": {
        "mean": -8.964800227902593,
        "stdev": 0.062369863215977116
    },
    "363K/2048": {
        "mean": -9.545749171012023,
        "stdev": 0.3353480598492449
    },
    "493K/2048": {
        "mean": -8.116303775639134,
        "stdev": 0.6246617079133817
    },
    "453K/256": {
        "mean": -8.565070353816768,
        "stdev": 0.03583685077242461
    },
    "373K/2048": {
        "mean": -9.338290960871745,
        "stdev": 0.44242979071163463
    },
    "403K/16384": {
        "mean": -13.32402113230692,
        "stdev": 0.0
    },
    "463K/1024": {
        "mean": -8.481245452161101,
        "stdev": 0.27304585994232106
    },
    "433K/64": {
        "mean": -15.537266978574177,
        "stdev": 0.7393970679862616
    },
    "413K/512": {
        "mean": -8.98118411846048,
        "stdev": 0.04951224445066825
    },
    "373K/128": {
        "mean": -11.977228813527274,
        "stdev": 1.2302447372568492
    },
    "343K/4096": {
        "mean": -9.29440182928443,
        "stdev": 1.2584276379605344
    },
    "343K/256": {
        "mean": -10.010976806025365,
        "stdev": 0.1509171164256055
    },
    "493K/64": {
        "mean": -9.128939493229275,
        "stdev": 0.08015591402056901
    },
    "373K/24": {
        "mean": -29.927103334068956,
        "stdev": 0.29610732195649675
    },
    "423K/2048": {
        "mean": -8.633021446400218,
        "stdev": 0.44833015251354796
    },
    "463K/48": {
        "mean": -13.952296630577939,
        "stdev": 0.37679097341959283
    },
    "363K/24": {
        "mean": -30.98132581798887,
        "stdev": 0.5139890795976212
    },
    "413K/4096": {
        "mean": -8.70912892361465,
        "stdev": 0.9422729986578384
    },
    "353K/2048": {
        "mean": -9.728432698466294,
        "stdev": 0.265799575001506
    },
    "353K/32768": {
        "mean": -5.173472724494,
        "stdev": 0.0
    },
    "383K/4096": {
        "mean": -9.219250701772065,
        "stdev": 0.9495793472201682
    },
    "403K/512": {
        "mean": -9.070025231352847,
        "stdev": 0.04535252491028736
    },
    "423K/64": {
        "mean": -17.687833380557876,
        "stdev": 0.5648215828258107
    },
    "483K/16384": {
        "mean": -12.708785078156525,
        "stdev": 0.0
    },
    "423K/48": {
        "mean": -20.666231355458578,
        "stdev": 0.41267463178331143
    },
    "463K/256": {
        "mean": -8.48553856654881,
        "stdev": 0.022375137577894413
    },
    "483K/128": {
        "mean": -8.279570968611807,
        "stdev": 0.03069397618031281
    },
    "393K/64": {
        "mean": -25.022660807406947,
        "stdev": 0.5204430459943904
    },
    "463K/512": {
        "mean": -8.505895177691878,
        "stdev": 0.04857821911880091
    },
    "453K/48": {
        "mean": -15.33605941235119,
        "stdev": 0.3915550614274397
    },
    "423K/512": {
        "mean": -8.857037386791443,
        "stdev": 0.04368811425755396
    },
    "353K/48": {
        "mean": -32.42628679220233,
        "stdev": 0.6399841214484663
    },
    "453K/24": {
        "mean": -18.82262928515268,
        "stdev": 0.24657558256657175
    },
    "463K/64": {
        "mean": -11.085593089548894,
        "stdev": 0.3241701233854255
    },
    "403K/256": {
        "mean": -9.065940853594334,
        "stdev": 0.04282315198288691
    },
    "443K/1024": {
        "mean": -8.769387908226284,
        "stdev": 0.13524989491687875
    },
    "433K/1024": {
        "mean": -8.702986946179095,
        "stdev": 0.15855716068477155
    },
    "393K/256": {
        "mean": -9.190390030989366,
        "stdev": 0.0772363238081151
    },
    "433K/2048": {
        "mean": -8.697317385011193,
        "stdev": 0.6408883754241209
    },
    "373K/1024": {
        "mean": -9.396788060730607,
        "stdev": 0.1307622847443366
    },
    "353K/4096": {
        "mean": -9.986289394975916,
        "stdev": 1.5252864196647056
    },
    "483K/8192": {
        "mean": -6.703271313217863,
        "stdev": 2.263023071154586
    },
    "443K/512": {
        "mean": -8.682795976046137,
        "stdev": 0.046710627281890744
    },
    "463K/2048": {
        "mean": -8.346414830271723,
        "stdev": 0.4530466213160138
    },
    "353K/512": {
        "mean": -9.72326295517443,
        "stdev": 0.07417204471241601
    },
    "413K/8192": {
        "mean": -9.282062478501176,
        "stdev": 2.0512177588040945
    },
    "473K/4096": {
        "mean": -8.65259086449559,
        "stdev": 1.4647470693744196
    },
    "373K/48": {
        "mean": -29.4248557218939,
        "stdev": 0.39994391546178737
    },
    "393K/24": {
        "mean": -26.860062283232743,
        "stdev": 0.5122046553759506
    },
    "393K/4096": {
        "mean": -9.901871356307012,
        "stdev": 1.3340557954899408
    },
    "463K/24": {
        "mean": -17.58312083289404,
        "stdev": 0.426013788827615
    },
    "383K/64": {
        "mean": -27.096541921868447,
        "stdev": 0.4948275256002741
    },
    "413K/48": {
        "mean": -22.664337832370734,
        "stdev": 0.26411313161729116
    },
    "433K/4096": {
        "mean": -9.355558527797294,
        "stdev": 1.4324319125443596
    },
    "343K/48": {
        "mean": -33.171594007432034,
        "stdev": 0.6200956379074867
    },
    "423K/16384": {
        "mean": -10.280265669623736,
        "stdev": 0.0
    },
    "453K/512": {
        "mean": -8.564927494094519,
        "stdev": 0.08205297218678838
    },
    "473K/8192": {
        "mean": -7.768942047196433,
        "stdev": 2.64266116419526
    },
    "463K/16384": {
        "mean": -16.049350292487237,
        "stdev": 0.0
    },
    "363K/16384": {
        "mean": -5.426303063298079,
        "stdev": 0.0
    },
    "433K/128": {
        "mean": -8.809638297780284,
        "stdev": 0.0636918584364604
    },
    "463K/4096": {
        "mean": -8.499012328192899,
        "stdev": 2.068402749815657
    },
    "403K/24": {
        "mean": -25.783924853941798,