{
    "343K/64": {
        "mean": -26.77470981378119,
        "stdev": 25.185986722263753
    },
    "423K/512": {
        "mean": -14.65625766653744,
        "stdev": 14.65779810600797
    },
    "373K/4096": {
        "mean": -15.915486391861714,
        "stdev": 16.933252776750148
    },
    "393K/1024": {
        "mean": -15.028435258734925,
        "stdev": 15.039259032560826
    },
    "343K/1024": {
        "mean": -16.17347330183398,
        "stdev": 16.17863040956994
    },
    "493K/16384": {
        "mean": -15.454894600951672,
        "stdev": 43.71304309673343
    },
    "453K/64": {
        "mean": -16.104751274346462,
        "stdev": 16.066596574727402
    },
    "413K/1024": {
        "mean": -14.887839904507212,
        "stdev": 14.89990861423403
    },
    "383K/128": {
        "mean": -16.904098225147532,
        "stdev": 16.880548672182716
    },
    "473K/256": {
        "mean": -13.934987339680653,
        "stdev": 13.932064448748871
    },
    "423K/64": {
        "mean": -17.72827967735538,
        "stdev": 17.6753015256159
    },
    "433K/4096": {
        "mean": -14.97488939410319,
        "stdev": 15.824814470528473
    },
    "473K/2048": {
        "mean": -14.463866509753675,
        "stdev": 14.579810292845519
    },
    "443K/1024": {
        "mean": -14.26260236545691,
        "stdev": 14.274316674011624
    },
    "383K/8192": {
        "mean": -13.015106039127811,
        "stdev": 18.632917588828388
    },
    "443K/128": {
        "mean": -14.693669580931827,
        "stdev": 14.681455478974554
    },
    "353K/64": {
        "mean": -24.158859363382497,
        "stdev": 24.03944346894159
    },
    "383K/256": {
        "mean": -15.496641534727843,
        "stdev": 15.488708188890719
    },
    "353K/8192": {
        "mean": -14.569400160225038,
        "stdev": 17.66077996440961
    },
    "353K/2048": {
        "mean": -15.741878451393028,
        "stdev": 15.779287820554755
    },
    "383K/2048": {
        "mean": -15.287146702075573,
        "stdev": 15.31250530348688
    },
    "353K/4096": {
        "mean": -16.149792607334792,
        "stdev": 16.736544037629553
    },
    "363K/512": {
        "mean": -15.839458807237627,
        "stdev": 15.838178389567831
    },
    "343K/48": {
        "mean": -26.548358636139877,
        "stdev": 25.68110456270836
    },
    "483K/8192": {
        "mean": -13.56284991538249,
        "stdev": 22.14804115285852
    },
    "483K/4096": {
        "mean": -14.453594657804631,
        "stdev": 14.864777992534535
    },
    "343K/4096": {
        "mean": -16.438780853878416,
        "stdev": 16.79192719990338
    },
    "363K/24": {
        "mean": -24.347641120594414,
        "stdev": 24.11690714841862
    },
    "493K/512": {
        "mean": -13.606392916184436,
        "stdev": 13.60994478590024
    },
    "403K/8192": {
        "mean": -15.971562201456504,
        "stdev": 19.360457025750893
    },
    "373K/8192": {
        "mean": -15.16307320424521,
        "stdev": 19.17993905594314
    },
    "403K/512": {
        "mean": -14.9933926202636,
        "stdev": 14.991514885816086
    },
    "493K/4096": {
        "mean": -12.355178210667454,
        "stdev": 13.813509149014017
    },
    "413K/4096": {
        "mean": -15.155803659727862,
        "stdev": 16.130877248629297
    },
    "473K/4096": {
        "mean": -13.96058120183979,
        "stdev": 18.016449048703542
    },
    "373K/128": {
        "mean": -17.597878467012876,
        "stdev": 17.573880608109647
    },
    "393K/128": {
        "mean": -16.539432469779918,
        "stdev": 16.52896842096318
    },
    "433K/48": {
        "mean": -18.263954777318013,
        "stdev": 18.19227616807143
    },
    "423K/128": {
        "mean": -15.309937857113656,
        "stdev": 15.28846070623076
    },
    "373K/2048": {
        "mean": -15.71553173059482,
        "stdev": 15.794642690681293
    },
    "453K/512": {
        "mean": -14.267230543420222,
        "stdev": 14.269988354968746
    },
    "413K/8192": {
        "mean": -13.52512514366539,
        "stdev": 15.617469271169334
    },
    "443K/4096": {
        "mean": -15.0599117497424,
        "stdev": 16.470946787988677
    },
    "423K/24": {
        "mean": -20.419199302592364,
        "stdev": 19.94756603658053
    },
    "463K/16384": {
        "mean": -16.901530601061907,
        "stdev": 47.804747598767754
    },
    "383K/16384": {
        "mean": -19.166264204250535,
        "stdev": 54.210381543331835
    },
    "383K/512": {
        "mean": -15.329696948220692,
        "stdev": 15.328207385579422
    },
    "373K/24": {
        "mean": -23.80529248351212,
        "stdev": 23.364063073092034
    },
    "353K/16384": {
        "mean": -11.255493200258487,
        "stdev": 31.83534226949683
    },
    "373K/16384": {
        "mean": -15.075360500443953,
        "stdev": 30.150721000000004
    },
    "463K/512": {
        "mean": -14.018385902738524,
        "stdev": 14.007488755888486
    },
    "463K/128": {
        "mean": -14.29627967245896,
        "stdev": 14.291854588527007
    },
    "353K/256": {
        "mean": -16.401692344066902,
        "stdev": 16.391932864548945
    },
    "443K/512": {
        "mean": -14.323274125617203,
        "stdev": 14.324571387300367
    },
    "363K/8192": {
        "mean": -16.638346313938882,
        "stdev": 18.48705145678763
    },
    "463K/1024": {
        "mean": -13.943088182655117,
        "stdev": 13.952958674511278
    },
    "393K/2048": {
        "mean": -15.44707109106682,
        "stdev": 15.574070042515453
    },
    "393K/256": {
        "mean": -15.276377100698483,
        "stdev": 15.274408839590683
    },
    "493K/64": {
        "mean": -14.736408916941656,
        "stdev": 14.719252800887666
    },
    "383K/64": {
        "mean": -21.03852787154662,
        "stdev": 20.837364763534104
    },
    "413K/256": {
        "mean": -14.890007860440244,
        "stdev": 14.88740410998897
    },
    "433K/512": {
        "mean": -14.421630621350722,
        "stdev": 14.422767052229005
    },
    "423K/1024": {
        "mean": -14.653837701860605,
        "stdev": 14.659932557228034
    },
    "443K/2048": {
        "mean": -14.670355765255842,
        "stdev": 14.77119972530971
    },
    "423K/4096": {
        "mean": -15.719116456491863,
        "stdev": 16.601501529940517
    },
    "483K/256": {
        "mean": -13.76212599487623,
        "stdev": 13.759845305777796
    },
    "403K/4096": {
        "mean": -14.946544263046263,
        "stdev": 15.997381638659988
    },
    "453K/8192": {
        "mean": -16.244962155283385,
        "stdev": 23.666679704001318
    },
    "363K/128": {
        "mean": -18.579059327557946,
        "stdev": 18.46328622840205
    },
    "343K/24": {
        "mean": -26.314041438952827,
        "stdev": 26.081580310071242
    },
    "393K/4096": {
        "mean": -15.19602149885614,
        "stdev": 15.817649197383513
    },
    "443K/64": {
        "mean": -16.601049457573676,
        "stdev": 16.558797679623098
    },
    "343K/128": {
        "mean": -21.149879431796712,
        "stdev": 21.071334683841645
    },
    "423K/256": {
        "mean": -14.747659851417877,
        "stdev": 14.743830713843796
    },
    "403K/16384": {
        "mean": -21.062687605006126,
        "stdev": 59.57427692789524
    },
    "433K/8192": {
        "mean": -14.320587875573942,
        "stdev": 30.19045006081962
    },
    "493K/128": {
        "mean": -13.774496470001798,
        "stdev": 13.769676605214896
    },
    "473K/1024": {
        "mean": -14.001873646657366,
        "stdev": 14.020567013512103
    },
    "483K/64": {
        "mean": -15.082580904330994,
        "stdev": 15.042167524809095
    },
    "443K/24": {
        "mean": -19.16240470637068,
        "stdev": 18.887922238011136
    },
    "473K/512": {
        "mean": -13.910019088528795,
        "stdev": 13.908053100414376
    },
    "463K/24": {
        "mean": -18.20909729714518,