{
    "403K/48": {
        "stdev": 0.184161926159471,
        "mean": -19.0158686795291
    },
    "413K/64": {
        "stdev": 0.12255724321508654,
        "mean": -17.283480052399163
    },
    "463K/128": {
        "stdev": 0.04163178917865832,
        "mean": -14.059191259553863
    },
    "363K/48": {
        "stdev": 0.3376094862195311,
        "mean": -22.9910895370054
    },
    "473K/128": {
        "stdev": 0.04701879018106652,
        "mean": -13.901816508825014
    },
    "423K/16384": {
        "stdev": 0.0,
        "mean": -16.91151208938269
    },
    "393K/24": {
        "stdev": 0.2541653806918437,
        "mean": -20.80169341969235
    },
    "453K/64": {
        "stdev": 0.0970664707230541,
        "mean": -15.182438167594748
    },
    "383K/4096": {
        "stdev": 1.151879763654118,
        "mean": -15.446761328088382
    },
    "463K/2048": {
        "stdev": 0.9561116563360792,
        "mean": -14.000673337879679
    },
    "343K/256": {
        "stdev": 0.14140932491675323,
        "mean": -16.496569133430974
    },
    "353K/2048": {
        "stdev": 0.33116155825240723,
        "mean": -15.724080023401488
    },
    "483K/256": {
        "stdev": 0.028710344006579368,
        "mean": -13.740885119736795
    },
    "433K/2048": {
        "stdev": 0.5047299736371069,
        "mean": -14.728002517354813
    },
    "453K/128": {
        "stdev": 0.06089012523862183,
        "mean": -14.225367729220427
    },
    "353K/24": {
        "stdev": 0.47379206776475763,
        "mean": -24.29217618481902
    },
    "343K/64": {
        "stdev": 1.0084753958416157,
        "mean": -24.10758606166938
    },
    "413K/1024": {
        "stdev": 0.2001136171869869,
        "mean": -14.886289728565803
    },
    "413K/2048": {
        "stdev": 0.6068560700107125,
        "mean": -15.108831989814151
    },
    "373K/8192": {
        "stdev": 1.7435239467687753,
        "mean": -14.958002373084936
    },
    "393K/2048": {
        "stdev": 0.4679077557708217,
        "mean": -15.447626757648955
    },
    "493K/1024": {
        "stdev": 0.2062128866986021,
        "mean": -13.7949166899914
    },
    "373K/16384": {
        "stdev": 1.6981344731945178,
        "mean": -15.075365211027759
    },
    "393K/512": {
        "stdev": 0.0757958546435541,
        "mean": -15.154601072368205
    },
    "473K/512": {
        "stdev": 0.09449680398254486,
        "mean": -13.905602879999252
    },
    "393K/8192": {
        "stdev": 4.511505081357302,
        "mean": -14.034593796415171
    },
    "453K/24": {
        "stdev": 0.13034137762109607,
        "mean": -17.117458278213988
    },
    "383K/1024": {
        "stdev": 0.15455082961417743,
        "mean": -15.320506795852538
    },
    "393K/128": {
        "stdev": 0.11809871439808761,
        "mean": -15.920815446130263
    },
    "433K/256": {
        "stdev": 0.03185884885238632,
        "mean": -14.512880772618498
    },
    "433K/1024": {
        "stdev": 0.12217132604669838,
        "mean": -14.42168708594589
    },
    "363K/64": {
        "stdev": 0.27659980240055226,
        "mean": -22.168138219986844
    },
    "383K/2048": {
        "stdev": 0.46342865508296754,
        "mean": -15.284863210219942
    },
    "473K/48": {
        "stdev": 0.09020497175380153,
        "mean": -15.103024606978407
    },
    "453K/4096": {
        "stdev": 1.9280739306781802,
        "mean": -14.408373724975707
    },
    "443K/1024": {
        "stdev": 0.18594846797017606,
        "mean": -14.265779851554502
    },
    "463K/16384": {
        "stdev": 0.0,
        "mean": -16.901535288522624
    },
    "413K/24": {
        "stdev": 0.07597809603863022,
        "mean": -19.422440115650094
    },
    "373K/2048": {
        "stdev": 0.3858723103215541,
        "mean": -15.704231070628861
    },
    "423K/512": {
        "stdev": 0.0745228352888604,
        "mean": -14.651599003200422
    },
    "383K/128": {
        "stdev": 0.11327285747716687,
        "mean": -16.21452400644996
    },
    "443K/24": {
        "stdev": 0.2537935578654769,
        "mean": -17.70664049181849
    },
    "393K/4096": {
        "stdev": 1.1415071757169422,
        "mean": -15.15061018599096
    },
    "373K/48": {
        "stdev": 0.22101926725298998,
        "mean": -21.808676526730522
    },
    "403K/512": {
        "stdev": 0.08009828742374393,
        "mean": -14.98577636352749
    },
    "423K/2048": {
        "stdev": 0.8305918457224378,
        "mean": -14.791376800645004
    },
    "463K/256": {
        "stdev": 0.03739569529450131,
        "mean": -14.023684692923064
    },
    "453K/2048": {
        "stdev": 0.7047374558451713,
        "mean": -14.38396583671061
    },
    "443K/512": {
        "stdev": 0.07965534212374074,
        "mean": -14.320454972147814
    },
    "363K/16384": {
        "stdev": 2.4469349097133106,
        "mean": -10.009935976229105
    },
    "383K/16384": {
        "stdev": 0.0,
        "mean": -19.166268896263244
    },
    "353K/16384": {
        "stdev": 0.0,
        "mean": -11.255497864154
    },
    "443K/4096": {
        "stdev": 2.306428970849375,
        "mean": -14.813425704985761
    },
    "493K/2048": {
        "stdev": 0.6115927249819275,
        "mean": -13.56345739512543
    },
    "363K/24": {
        "stdev": 0.13261175111702547,
        "mean": -23.49304067958429
    },
    "403K/8192": {
        "stdev": 3.663589898042631,
        "mean": -17.01821855115096
    },
    "473K/1024": {
        "stdev": 0.23484197963665734,
        "mean": -13.992500091742189
    },
    "343K/24": {
        "stdev": 0.3683432218617613,
        "mean": -25.464600038337046
    },
    "493K/4096": {
        "stdev": 1.9878100413452855,
        "mean": -12.58457724412688
    },
    "463K/8192": {
        "stdev": 1.4059818476602008,
        "mean": -12.564401651401104
    },
    "373K/24": {
        "stdev": 0.32521826866581693,
        "mean": -22.515467643125024
    },
    "343K/2048": {
        "stdev": 0.25370472850761305,
        "mean": -16.068700015050133
    },
    "373K/512": {
        "stdev": 0.09215112325247515,
        "mean": -15.557148113398547
    },
    "383K/8192": {
        "stdev": 2.2315886796161983,
        "mean": -13.787563871088386
    },
    "423K/64": {
        "stdev": 0.13334422450540626,
        "mean": -16.664206595392287
    },
    "423K/1024": {
        "stdev": 0.12607065954046162,
        "mean": -14.656590048608411
    },
    "483K/48": {
        "stdev": 0.08657659174671925,
        "mean": -14.69495652460445
    },
    "453K/256": {
        "stdev": 0.030750582423088937,
        "mean": -14.178953887130639
    },
    "463K/64": {
        "stdev": 0.08621987352727525,
        "mean": -14.92645156052946
    },
    "443K/2048": {
        "stdev": 0.6202932371906463,
        "mean": -14.63136581575816
    },
    "383K/512": {
        "stdev": 0.0358869711618413,
        "mean": -15.32052468000315
    },
    "353K/8192": {
        "stdev": 3.927625035635563,
        "mean": -15.696341039828996
    },
    "353K/128": {
        "stdev": 0.3111672754863975,
        "mean": -18.67797954394876
    },
    "403K/128": {
        "stdev": 0.12391100071682319,
        "mean": -15.436812873426822
    },
    "373K/256": {
        "stdev": 0.05880854814697898,
        "mean": -15.548555490241807
    },
    "483K/1024": {
        "stdev": 0.1710077169744894,
        "mean": -13.857141808065876
    },
    "353K/512": {
        "stdev": 0.05107492819585077,
        "mean": -15.927628156738901
    },
    "383K/48": {
        "stdev": 0.247763377553314,
        "mean": -20.791416808084037
    },
    "393K/256": {
        "stdev": 0.043962364754328576,
        "mean": -15.177554938378892
    },
    "433K/8192": {
        "stdev": 0.9662944898121548,
        "mean": -13.9984973591565
    },
    "423K/128": {
        "stdev": 0.08427603913486668,
        "mean": -14.89487856264418
    },
    "353K/48": {
        "stdev": 0.4403856445730518,